{
  "params": {
    "width": 7,
    "height": 7,
    "start": [
      0,
      0
    ],
    "goal": [
      6,
      6
    ],
    "walls": [],
    "max_steps": 64
  },
  "returns": {
    "PG": [
      0.72,
      0.6799999999999999,
      0.74,
      0.79,
      0.67,
      0.62,
      0.7,
      0.7,
      0.73,
      0.74,
      0.84,
      0.64,
      0.88,
      0.43,
      0.79,
      0.82,
      0.75,
      0.45999999999999996,
      0.71,
      0.8099999999999999,
      0.82,
      0.82,
      0.78,
      -0.64,
      0.74,
      0.83,
      0.6799999999999999,
      0.79,
      0.52,
      0.72,
      0.64,
      0.73,
      0.77,
      0.82,
      0.86,
      0.71,
      0.82,
      0.49,
      0.75,
      0.74,
      0.8099999999999999,
      0.52,
      0.67,
      0.71,
      0.54,
      0.53,
      0.8099999999999999,
      0.73,
      0.73,
      0.87,
      0.73,
      0.8099999999999999,
      0.73,
      0.79,
      0.69,
      0.74,
      0.6799999999999999,
      0.71,
      0.83,
      0.83,
      0.59,
      0.8099999999999999,
      0.84,
      0.82,
      0.66,
      0.64,
      0.61,
      0.83,
      0.72,
      0.58,
      0.39999999999999997,
      0.8,
      0.6,
      0.84,
      0.76,
      0.79,
      0.8099999999999999,
      0.74,
      0.69,
      0.64,
      0.77,
      0.45999999999999996,
      0.79,
      -0.64,
      0.77,
      0.65,
      0.58,
      0.5599999999999999,
      0.7,
      0.53,
      0.78,
      0.58,
      0.71,
      0.37,
      0.74,
      0.71,
      0.82,
      0.63,
      -0.64,
      0.71,
      0.83,
      0.63,
      0.8099999999999999,
      0.65,
      0.75,
      0.64,
      0.85,
      0.6799999999999999,
      -0.64,
      0.8,
      0.7,
      0.7,
      0.55,
      0.85,
      0.79,
      0.42,
      0.64,
      0.5599999999999999,
      0.66,
      0.79,
      -0.64,
      0.6799999999999999,
      0.78,
      0.73,
      0.72,
      0.73,
      0.85,
      0.63,
      0.77,
      0.57,
      0.75,
      -0.64,
      0.57,
      0.82,
      0.7,
      0.8,
      0.79,
      0.5,
      0.77,
      0.76,
      0.85,
      0.72,
      0.8099999999999999,
      0.62,
      0.72,
      -0.64,
      0.59,
      0.69,
      0.84,
      0.76,
      0.5599999999999999,
      0.77,
      0.75,
      0.82,
      0.6799999999999999,
      0.76,
      0.79,
      0.84,
      0.63,
      0.76,
      0.7,
      0.73,
      0.6799999999999999,
      0.38,
      0.8099999999999999,
      0.78,
      0.72,
      -0.64,
      0.51,
      0.72,
      0.79,
      0.62,
      0.47,
      0.79,
      0.62,
      0.73,
      0.76,
      0.86,
      0.6799999999999999,
      -0.64,
      0.76,
      0.61,
      0.75,
      0.74,
      0.77,
      0.65,
      0.71,
      0.79,
      0.71,
      0.71,
      0.72,
      0.6,
      0.8,
      0.49,
      0.83,
      0.71,
      0.88,
      0.66,
      0.49,
      0.73
    ],
    "OUR": [
      0.69,
      0.8099999999999999,
      0.65,
      0.83,
      0.78,
      0.51,
      0.71,
      0.45,
      0.66,
      0.7,
      0.77,
      0.78,
      0.67,
      0.61,
      0.6799999999999999,
      0.77,
      0.67,
      0.5599999999999999,
      0.69,
      0.5,
      0.63,
      0.61,
      0.79,
      0.77,
      0.74,
      0.72,
      0.77,
      0.79,
      0.69,
      0.8099999999999999,
      0.6799999999999999,
      0.79,
      -0.64,
      0.76,
      0.5,
      -0.64,
      0.63,
      0.75,
      0.61,
      0.78,
      0.62,
      0.7,
      0.71,
      0.75,
      0.8099999999999999,
      0.63,
      0.74,
      0.61,
      0.67,
      0.67,
      0.73,
      0.79,
      0.84,
      0.75,
      0.84,
      0.79,
      0.57,
      0.72,
      0.72,
      0.63,
      0.77,
      0.69,
      0.75,
      0.55,
      0.71,
      0.85,
      0.59,
      0.71,
      0.75,
      0.6799999999999999,
      -0.64,
      0.59,
      0.43,
      0.43,
      0.65,
      0.58,
      0.75,
      0.73,
      0.59,
      0.78,
      0.73,
      0.75,
      0.77,
      0.83,
      0.79,
      0.65,
      0.82,
      0.78,
      -0.64,
      0.8,
      0.66,
      0.77,
      0.84,
      0.87,
      0.73,
      0.72,
      0.58,
      0.49,
      0.6799999999999999,
      0.7,
      0.71,
      0.73,
      0.61,
      0.78,
      0.85,
      0.79,
      0.65,
      0.8,
      0.61,
      -0.64,
      0.75,
      0.69,
      0.45999999999999996,
      0.82,
      0.77,
      0.6,
      0.8099999999999999,
      0.76,
      0.41,
      0.47,
      0.76,
      0.75,
      0.8099999999999999,
      0.82,
      0.71,
      0.72,
      0.87,
      0.84,
      0.71,
      0.53,
      0.73,
      0.6,
      0.69,
      0.79,
      0.82,
      0.78,
      0.73,
      -0.64,
      0.7,
      0.79,
      0.73,
      0.79,
      0.44,
      -0.64,
      0.7,
      0.55,
      0.38,
      0.82,
      0.82,
      0.65,
      0.8,
      0.66,
      0.73,
      0.84,
      0.74,
      0.76,
      0.8099999999999999,
      0.74,
      0.48,
      0.67,
      0.41,
      0.66,
      0.84,
      0.6,
      0.74,
      0.74,
      0.75,
      0.7,
      0.61,
      0.73,
      0.74,
      0.67,
      0.58,
      0.76,
      0.84,
      0.76,
      -0.64,
      0.8099999999999999,
      0.83,
      0.83,
      0.8099999999999999,
      0.71,
      0.8099999999999999,
      -0.64,
      0.76,
      0.67,
      0.83,
      0.63,
      0.62,
      0.76,
      -0.64,
      0.85,
      0.78,
      0.75,
      0.72,
      0.6799999999999999,
      0.74,
      0.63,
      0.66,
      0.42
    ]
  }
}