{
  "params": {
    "num_agents": 8,
    "episodes": 100,
    "horizon": 16,
    "difficulty": 0.3,
    "warmup_episodes": 20,
    "seed": 11
  },
  "curves": {
    "ALLC": [
      0.6999999999999998,
      0.6999999999999998,
      0.6999999999999998,
      0.6999999999999998,
      0.6999999999999998,
      0.6999999999999998,
      0.6999999999999998,
      0.6999999999999998,
      0.6999999999999998,
      0.6999999999999998,
      0.6999999999999998,
      0.6999999999999998,
      0.6999999999999998,
      0.6999999999999998,
      0.6999999999999998,
      0.6999999999999998,
      0.6999999999999998,
      0.6999999999999998,
      0.6999999999999998,
      0.6999999999999998,
      0.8137311517897162,
      0.8227684259970739,
      0.8331279598562087,
      0.8436327788007297,
      0.854651942322344,
      0.8649112715043819,
      0.8757925576993804,
      0.8856981970480052,
      0.8969501859653655,
      0.9074732411756958,
      0.9176453722465975,
      0.9279564317990876,
      0.9379353517881861,
      0.9492894239678487,
      0.9600471098712395,
      0.9696896547960594,
      0.9805643591841193,
      0.9918382820728912,
      1.0011235815959474,
      1.0116844264961424,
      1.0220350178818516,
      1.0223763304542792,
      1.0224190564611484,
      1.0215613811866717,
      1.0231481628589574,
      1.023025597102686,
      1.0224354612452875,
      1.0221765926324973,
      1.022897345926589,
      1.023272703013624,
      1.0222329906234937,
      1.0225491739401065,
      1.0220574400606062,
      1.0223796048022469,
      1.0225661452241255,
      1.0222965257973136,
      1.0229229139494005,
      1.022211377128045,
      1.023196418235529,
      1.0226209264664454,
      1.02242016560366,
      1.0219108505793935,
      1.0219890741247826,
      1.021765419536673,
      1.0222359682376856,
      1.022845793102498,
      1.0226406345947756,
      1.0233161595050402,
      1.0230883526848007,
      1.0229737903994547,
      1.022527049081624,
      1.0222315070087347,
      1.0225317423858549,
      1.0230473433827334,
      1.0225461048263782,
      1.0231872512046836,
      1.0225513646036077,
      1.0223130307579666,
      1.0219258141740097,
      1.0226345370696637,
      1.022615143869935,
      1.023270191944936,
      1.022096998485336,
      1.0228774375647929,
      1.0222733237525754,
      1.0225808814404171,
      1.0229236124010896,
      1.0225820514989756,
      1.0224667014021918,
      1.023101798167266,
      1.0229739783711835,
      1.0224058998893744,
      1.0224183329322363,
      1.0230150338502773,
      1.0227912897182867,
      1.0232326853023945,
      1.023515396216374,
      1.0224484550453892,
      1.0226948599462833,
      1.022040612702702
    ],
    "ALLP": [
      0.6999999999999998,
      0.6999999999999998,
      0.6999999999999998,
      0.6999999999999998,
      0.6999999999999998,
      0.6999999999999998,
      0.6999999999999998,
      0.6999999999999998,
      0.6999999999999998,
      0.6999999999999998,
      0.6999999999999998,
      0.6999999999999998,
      0.6999999999999998,
      0.6999999999999998,
      0.6999999999999998,
      0.6999999999999998,
      0.6999999999999998,
      0.6999999999999998,
      0.6999999999999998,
      0.6999999999999998,
      0.5754284134761704,
      0.5860242889495489,
      0.596837432607776,
      0.6059462694004937,
      0.617001297618602,
      0.6272661945287834,
      0.6377523352680224,
      0.6490184562219972,
      0.6580752079520596,
      0.6697047729139737,
      0.680263329368214,
      0.6911806644789077,
      0.7008258599430908,
      0.71179322520522,
      0.7210132107258024,
      0.7324602237499873,
      0.7434468262738572,
      0.753857726391118,
      0.7640887830847874,
      0.7747598453778435,
      0.784674416060329,
      0.7859224274979334,
      0.7849993039000198,
      0.7845318407856096,
      0.7848740901624445,
      0.7855743036286363,
      0.7850916281948759,
      0.7853563512121471,
      0.7851456408437956,
      0.7848787154424519,
      0.7856844099065339,
      0.7857106492331776,
      0.7852863675280624,
      0.7856159312516606,
      0.7850818646470856,
      0.7850783134884189,
      0.784862258480789,
      0.7851616881645315,
      0.7854090459610976,
      0.7848279630951469,
      0.7854987899523618,
      0.7852385053186829,
      0.7848304374990822,
      0.7844053688195793,
      0.7852734575224888,
      0.7850532597673846,
      0.7848772455305953,
      0.7847159903333207,
      0.785211090731251,
      0.7849302028999032,
      0.785062069187575,
      0.7848403672907476,
      0.7849880571882499,
      0.7840088399387418,
      0.7852640643317221,
      0.7850853238910581,
      0.7847058645708124,
      0.784823588106655,
      0.7842000798840528,
      0.7850230216397058,
      0.7847317388518386,
      0.7853584654752227,
      0.7856748792696941,
      0.7849425181830023,
      0.7850264736753174,
      0.784623463774061,
      0.7849327179937604,
      0.7846892106169127,
      0.7849558882063322,
      0.7847605189561779,
      0.7859552905596641,
      0.7847177462137346,
      0.7842983325165627,
      0.7850902809920829,
      0.7851780477915655,
      0.7846215972142817,
      0.7852899477093792,
      0.7854978164133881,
      0.7849046954689041,
      0.7849300671489743
    ],
    "PG": [
      0.6999999999999998,
      0.6999999999999998,
      0.6999999999999998,
      0.6999999999999998,
      0.6999999999999998,
      0.6999999999999998,
      0.6999999999999998,
      0.6999999999999998,
      0.6999999999999998,
      0.6999999999999998,
      0.6999999999999998,
      0.6999999999999998,
      0.6999999999999998,
      0.6999999999999998,
      0.6999999999999998,
      0.6999999999999998,
      0.6999999999999998,
      0.6999999999999998,
      0.6999999999999998,
      0.6999999999999998,
      0.695127710892444,
      0.7183311754722501,
      0.7099144730018281,
      0.7073704949601517,
      0.7302851289429694,
      0.7785183759242068,
      0.7625918359591269,
      0.7658750775656681,
      0.7877408716356502,
      0.7880549734812093,
      0.7962553185120461,
      0.8284310882388766,
      0.8396306678366551,
      0.8396807683782379,
      0.8590830798976384,
      0.8563030379270378,
      0.8593258422070505,
      0.8944037291148007,
      0.8944317836573389,
      0.923048060559514,
      0.9233030451412015,
      0.9153739002693257,
      0.9108184817793437,
      0.9154724687701303,
      0.9064734966052538,
      0.8969238897446685,
      0.9048577758399554,
      0.9148825157506988,
      0.9066196978272962,
      0.8897224056219865,
      0.8749010686616763,
      0.8917868969833811,
      0.9017346694831959,
      0.9230931792512731,
      0.922328172775777,
      0.8973724300216597,
      0.8933530782177251,
      0.9021066582297432,
      0.9132058837820712,
      0.9141520472326821,
      0.913644938957335,
      0.9134929284894452,
      0.9117611185543693,
      0.9161909091597702,
      0.905658436330109,
      0.9048097549473769,
      0.909731882581254,
      0.9006500391506096,
      0.9066792894294416,
      0.9008077667533112,
      0.9235673500306337,
      0.9059036553209274,
      0.8956497463494596,
      0.9083735502377996,
      0.9085773635707214,
      0.8994571664940954,
      0.9111702692638354,
      0.9101754491513249,
      0.9173669796007499,
      0.9237674664172786,
      0.917896815665678,
      0.9057086948995099,
      0.9273854688030525,
      0.8971685064034116,
      0.902833303433268,
      0.9002101501836494,
      0.898514650708985,
      0.8980229593520335,
      0.9005061315403381,
      0.9199358033730813,
      0.9170639546265069,
      0.9045209286137394,
      0.9120002186789614,
      0.9097725524191627,
      0.9125342102512513,
      0.881125867473212,
      0.8905666226411287,
      0.9108281524768271,
      0.91968269856458,
      0.8970610200410847
    ],