gpu_id,memory_used_gb,memory_total_gb,utilization_percent,temperature_celsius,power_watts,memory_usage_percent,power_efficiency
0,16.247240713084175,24,85.21895519963455,58.95514915847399,254.72839810604432,67.69683630451739,33.45483104092603
1,19.704285838459498,24,87.03723382253277,61.82183361121909,294.22111536716164,82.10119099358124,29.58225269247521
2,18.39196365086843,24,75.34993640302864,60.615285242347504,223.96085385900318,76.63318187861846,33.64424411886996
3,17.59195090518222,24,91.4884674867539,58.78597882257454,261.70813260963337,73.29979543825925,34.958205759398034
4,14.936111842654618,24,89.15152489360717,62.954087631390934,271.0897482634451,62.23379934439425,32.88635054062233
5,14.935967122017216,24,78.6097648815307,56.81342018847654,205.57404952639973,62.23319634173839,38.23914791902548
6,14.348501673009197,24,78.0910244425207,58.79788043095784,272.9053822281726,59.78542363753833,28.61468828681064
7,19.19705687464961,24,78.11787666750837,59.762703962817994,220.46289484247498,79.98773697770672,35.43357113373891
