lora_id,rank,alpha,accuracy_improvement,inference_speed_tps,memory_overhead_mb,training_time_hours,convergence_epochs,efficiency_score
lora_1,32,30.621460920321795,4.716265913520079,176.36993649385136,107.20741027826374,3.2236519310393126,5,7.7588621672386475
lora_2,16,20.688261472306426,6.613854736463715,173.68964102565894,98.99443222417271,5.960660809801552,9,11.604269342854316
lora_3,64,48.84318527258353,4.965042057620232,155.8739987286651,138.01162564063506,5.3167343078899725,14,5.60765048440526
lora_4,8,37.12731969950086,5.94431969953571,175.312454101387,104.97273286855125,3.5961470446025174,11,9.927466362086408
lora_5,64,21.857835272549384,6.069538312913414,125.30955012311517,99.66541567811666,3.016566351370807,14,7.6312441007877965
lora_6,16,39.76849168534097,4.368815940969977,131.7589717451487,117.9887258210774,5.446384285364503,13,4.878692367598975
lora_7,16,17.650649013530483,8.057047750493425,122.71363733463228,89.86469574823339,5.120572031542851,11,11.002203116692815
lora_8,16,59.64737929978154,7.143124269797238,139.51981984579587,136.15378865278277,5.187021504122962,13,7.3197185412135335
